<ImportExportXml version="9.2.23084.182" SolutionPackageVersion="9.2" languagecode="1033" generatedBy="CrmLive" xmlns:xsi="http://www.w3.org/2001/XMLSchema-instance">
  <SolutionManifest>
    <UniqueName>ContactCentreandOperation</UniqueName>
    <LocalizedNames>
      <LocalizedName description="Contact Centre and Operation" languagecode="1033" />
    </LocalizedNames>
    <Descriptions />
    <Version>1.0.0.1</Version>
    <Managed>1</Managed>
    <Publisher>
      <UniqueName>TFL</UniqueName>
      <LocalizedNames>
        <LocalizedName description="TFL Publisher" languagecode="1033" />
      </LocalizedNames>
      <Descriptions />
      <EMailAddress xsi:nil="true"></EMailAddress>
      <SupportingWebsiteUrl xsi:nil="true"></SupportingWebsiteUrl>
      <CustomizationPrefix>tfl</CustomizationPrefix>
      <CustomizationOptionValuePrefix>10000</CustomizationOptionValuePrefix>
      <Addresses>
        <Address>
          <AddressNumber>1</AddressNumber>
          <AddressTypeCode>1</AddressTypeCode>
          <City xsi:nil="true"></City>
          <County xsi:nil="true"></County>
          <Country xsi:nil="true"></Country>
          <Fax xsi:nil="true"></Fax>
          <FreightTermsCode xsi:nil="true"></FreightTermsCode>
          <ImportSequenceNumber xsi:nil="true"></ImportSequenceNumber>
          <Latitude xsi:nil="true"></Latitude>
          <Line1 xsi:nil="true"></Line1>
          <Line2 xsi:nil="true"></Line2>
          <Line3 xsi:nil="true"></Line3>
          <Longitude xsi:nil="true"></Longitude>
          <Name xsi:nil="true"></Name>
          <PostalCode xsi:nil="true"></PostalCode>
          <PostOfficeBox xsi:nil="true"></PostOfficeBox>
          <PrimaryContactName xsi:nil="true"></PrimaryContactName>
          <ShippingMethodCode>1</ShippingMethodCode>
          <StateOrProvince xsi:nil="true"></StateOrProvince>
          <Telephone1 xsi:nil="true"></Telephone1>
          <Telephone2 xsi:nil="true"></Telephone2>
          <Telephone3 xsi:nil="true"></Telephone3>
          <TimeZoneRuleVersionNumber xsi:nil="true"></TimeZoneRuleVersionNumber>
          <UPSZone xsi:nil="true"></UPSZone>
          <UTCOffset xsi:nil="true"></UTCOffset>
          <UTCConversionTimeZoneCode xsi:nil="true"></UTCConversionTimeZoneCode>
        </Address>
        <Address>
          <AddressNumber>2</AddressNumber>
          <AddressTypeCode>1</AddressTypeCode>
          <City xsi:nil="true"></City>
          <County xsi:nil="true"></County>
          <Country xsi:nil="true"></Country>
          <Fax xsi:nil="true"></Fax>
          <FreightTermsCode xsi:nil="true"></FreightTermsCode>
          <ImportSequenceNumber xsi:nil="true"></ImportSequenceNumber>
          <Latitude xsi:nil="true"></Latitude>
          <Line1 xsi:nil="true"></Line1>
          <Line2 xsi:nil="true"></Line2>
          <Line3 xsi:nil="true"></Line3>
          <Longitude xsi:nil="true"></Longitude>
          <Name xsi:nil="true"></Name>
          <PostalCode xsi:nil="true"></PostalCode>
          <PostOfficeBox xsi:nil="true"></PostOfficeBox>
          <PrimaryContactName xsi:nil="true"></PrimaryContactName>
          <ShippingMethodCode>1</ShippingMethodCode>
          <StateOrProvince xsi:nil="true"></StateOrProvince>
          <Telephone1 xsi:nil="true"></Telephone1>
          <Telephone2 xsi:nil="true"></Telephone2>
          <Telephone3 xsi:nil="true"></Telephone3>
          <TimeZoneRuleVersionNumber xsi:nil="true"></TimeZoneRuleVersionNumber>
          <UPSZone xsi:nil="true"></UPSZone>
          <UTCOffset xsi:nil="true"></UTCOffset>
          <UTCConversionTimeZoneCode xsi:nil="true"></UTCConversionTimeZoneCode>
        </Address>
      </Addresses>
    </Publisher>
    <RootComponents>
      <RootComponent type="1" schemaName="email" behavior="1" />
      <RootComponent type="1" schemaName="incident" behavior="1" />
      <RootComponent type="1" schemaName="team" behavior="1" />
      <RootComponent type="20" id="{108322f4-8a51-ee11-be6f-002248c5dba2}" behavior="0" />
      <RootComponent type="20" id="{3c1f4f15-8551-ee11-be6f-002248c5dba2}" behavior="0" />
      <RootComponent type="20" id="{61e081d1-8651-ee11-be6f-002248c5dba2}" behavior="0" />
      <RootComponent type="20" id="{6decfba8-8851-ee11-be6f-002248c5dba2}" behavior="0" />
      <RootComponent type="29" id="{b902cdf8-22a4-4bd9-8c7c-8a035edb1ad7}" behavior="0" />
      <RootComponent type="36" id="{2d64812a-2552-ee11-be6f-002248c5dba2}" behavior="0" />
      <RootComponent type="36" id="{fee81368-9b51-ee11-be6f-002248c5dba2}" behavior="0" />
      <RootComponent type="61" schemaName="tfl_/Javascript/caseRibbon.js" behavior="0" />
      <RootComponent type="80" schemaName="Customerservicehub" behavior="0" />
      <RootComponent type="91" id="{a4222aec-6640-4d82-83b8-b91505d8b3f2}" schemaName="D365.Workflow.TFL, Version=1.0.0.0, Culture=neutral, PublicKeyToken=056cfd04c707f3b3" behavior="0" />
    </RootComponents>
    <MissingDependencies>
      <MissingDependency>
        <Required type="1" schemaName="activitymonitor" displayName="Activity monitor" solution="AutomaticRecordCreation (9.1.23073.36)" />
        <Dependent type="80" schemaName="Customerservicehub" displayName="Customer Service Hub" />
      </MissingDependency>
      <MissingDependency>
        <Required type="1" schemaName="constraintbasedgroup" displayName="Resource Group" solution="msdynce_Service (9.0.5.56)" />
        <Dependent type="80" schemaName="Customerservicehub" displayName="Customer Service Hub" />
      </MissingDependency>
      <MissingDependency>
        <Required type="1" schemaName="entitlement" displayName="Entitlement" solution="msdynce_Service (9.0.5.56)" />
        <Dependent type="80" schemaName="Customerservicehub" displayName="Customer Service Hub" />
      </MissingDependency>
      <MissingDependency>
        <Required type="1" schemaName="equipment" displayName="Facility/Equipment" solution="msdynce_Service (9.0.5.56)" />
        <Dependent type="80" schemaName="Customerservicehub" displayName="Customer Service Hub" />
      </MissingDependency>
      <MissingDependency>
        <Required type="1" schemaName="incident" displayName="Case" solution="msdynce_Service (9.0.5.56)" />
        <Dependent type="1" schemaName="incident" displayName="Case" />
      </MissingDependency>
      <MissingDependency>
        <Required type="1" schemaName="incident" displayName="Case" solution="msdynce_Service (9.0.5.56)" />
        <Dependent type="10" schemaName="tfl_incident_Teamid_team" displayName="tfl_incident_Teamid_team" parentSchemaName="team" parentDisplayName="Team" />
      </MissingDependency>
      <MissingDependency>
        <Required type="1" schemaName="incident" displayName="Case" solution="msdynce_Service (9.0.5.56)" />
        <Dependent type="2" schemaName="tfl_isconfidential" displayName="Is Confidential?" parentSchemaName="incident" parentDisplayName="Case" />
      </MissingDependency>
      <MissingDependency>
        <Required type="1" schemaName="incident" displayName="Case" solution="msdynce_Service (9.0.5.56)" />
        <Dependent type="2" schemaName="tfl_teamid" displayName="Team" parentSchemaName="incident" parentDisplayName="Case" />
      </MissingDependency>
      <MissingDependency>
        <Required type="1" schemaName="incident" displayName="Case" solution="msdynce_Service (9.0.5.56)" />
        <Dependent type="29" displayName="Escalation Email to the Team" id="{b902cdf8-22a4-4bd9-8c7c-8a035edb1ad7}" />
      </MissingDependency>
      <MissingDependency>
        <Required type="1" schemaName="incident" displayName="Case" solution="msdynce_Service (9.0.5.56)" />
        <Dependent type="36" displayName="Case Escalation for Escalation Team" id="{2d64812a-2552-ee11-be6f-002248c5dba2}" />
      </MissingDependency>
      <MissingDependency>
        <Required type="1" schemaName="incident" displayName="Case" solution="msdynce_Service (9.0.5.56)" />
        <Dependent type="36" displayName="Case Escalation for Confidential Case Team" id="{fee81368-9b51-ee11-be6f-002248c5dba2}" />
      </MissingDependency>
      <MissingDependency>
        <Required type="1" schemaName="incident" displayName="Case" solution="msdynce_Service (9.0.5.56)" />
        <Dependent type="80" schemaName="Customerservicehub" displayName="Customer Service Hub" />
      </MissingDependency>
      <MissingDependency>
        <Required type="1" schemaName="incidentresolution" displayName="Case Resolution" solution="msdynce_Service (9.0.5.56)" />
        <Dependent type="80" schemaName="Customerservicehub" displayName="Customer Service Hub" />
      </MissingDependency>
      <MissingDependency>
        <Required type="1" schemaName="knowledgearticleincident" displayName="Knowledge Article Incident" solution="msdynce_Service (9.0.5.56)" />
        <Dependent type="60" displayName="Case for Interactive experience" parentDisplayName="Case" id="{915f6055-2e07-4276-ae08-2b96c8d02c57}" />
      </MissingDependency>
      <MissingDependency>
        <Required type="1" schemaName="knowledgearticleincident" displayName="Knowledge Article Incident" solution="msdynce_Service (9.0.5.56)" />
        <Dependent type="80" schemaName="Customerservicehub" displayName="Customer Service Hub" />
      </MissingDependency>
      <MissingDependency>
        <Required type="1" schemaName="msdyn_applicationtabtemplate" displayName="Application Tab Template" solution="msdyn_AppProfileManager (10.1.23081.1020)" />
        <Dependent type="80" schemaName="Customerservicehub" displayName="Customer Service Hub" />
      </MissingDependency>
      <MissingDependency>
        <Required type="1" schemaName="msdyn_customerasset" displayName="Customer Asset" solution="msdyn_AssetCommon (1.0.26.9)" />
        <Dependent type="60" displayName="Case for Interactive experience" parentDisplayName="Case" id="{915f6055-2e07-4276-ae08-2b96c8d02c57}" />
      </MissingDependency>
      <MissingDependency>
        <Required type="1" schemaName="msdyn_customerasset" displayName="Customer Asset" solution="msdyn_AssetCommon (1.0.26.9)" />
        <Dependent type="80" schemaName="Customerservicehub" displayName="Customer Service Hub" />
      </MissingDependency>
      <MissingDependency>
        <Required type="1" schemaName="msdyn_dataanalyticsreport_csrmanager" displayName="Customer Service historical analytics" solution="msdyn_AnalyticsForCS (1.2.23198.1)" />
        <Dependent type="80" schemaName="Customerservicehub" displayName="Customer Service Hub" />
      </MissingDependency>
      <MissingDependency>
        <Required type="1" schemaName="msdyn_dataanalyticsreport_forecast" displayName="Forecast (preview)" solution="msdyn_AnalyticsForCS (1.2.23198.1)" />
        <Dependent type="80" schemaName="Customerservicehub" displayName="Customer Service Hub" />
      </MissingDependency>
      <MissingDependency>
        <Required type="1" schemaName="msdyn_datainsightsandanalyticsfeature" displayName="Insights" solution="msdyn_DataInsightsAndAnalytics (1.2.23198.1)" />
        <Dependent type="80" schemaName="Customerservicehub" displayName="Customer Service Hub" />
      </MissingDependency>
      <MissingDependency>
        <Required type="1" schemaName="msdyn_iotalert" displayName="IoT Alert" solution="IoTConnector (1.8.9.7)" />
        <Dependent type="80" schemaName="Customerservicehub" displayName="Customer Service Hub" />
      </MissingDependency>
      <MissingDependency>
        <Required type="1" schemaName="msdyn_iotdevice" displayName="IoT Device" solution="IoTConnector (1.8.9.7)" />
        <Dependent type="80" schemaName="Customerservicehub" displayName="Customer Service Hub" />
      </MissingDependency>
      <MissingDependency>
        <Required type="1" schemaName="msdyn_iotdevicecategory" displayName="IoT Device Category" solution="IoTConnector (1.8.9.7)" />
        <Dependent type="80" schemaName="Customerservicehub" displayName="Customer Service Hub" />
      </MissingDependency>
      <MissingDependency>
        <Required type="1" schemaName="msdyn_iotdevicecommand" displayName="IoT Device Command" solution="IoTConnector (1.8.9.7)" />
        <Dependent type="80" schemaName="Customerservicehub" displayName="Customer Service Hub" />
      </MissingDependency>
      <MissingDependency>
        <Required type="1" schemaName="msdyn_iotdevicecommanddefinition" displayName="IoT Device Command Definition" solution="IoTConnector (1.8.9.7)" />
        <Dependent type="80" schemaName="Customerservicehub" displayName="Customer Service Hub" />
      </MissingDependency>
      <MissingDependency>
        <Required type="1" schemaName="msdyn_iotdevicedatahistory" displayName="IoT Device Data History" solution="IoTConnector (1.8.9.7)" />
        <Dependent type="80" schemaName="Customerservicehub" displayName="Customer Service Hub" />
      </MissingDependency>
      <MissingDependency>
        <Required type="1" schemaName="msdyn_iotdeviceproperty" displayName="IoT Device Property" solution="IoTConnector (1.8.9.7)" />
        <Dependent type="80" schemaName="Customerservicehub" displayName="Customer Service Hub" />
      </MissingDependency>
      <MissingDependency>
        <Required type="1" schemaName="msdyn_iotdeviceregistrationhistory" displayName="IoT Device Registration History" solution="IoTConnector (1.8.9.7)" />
        <Dependent type="80" schemaName="Customerservicehub" displayName="Customer Service Hub" />
      </MissingDependency>
      <MissingDependency>
        <Required type="1" schemaName="msdyn_iotpropertydefinition" displayName="IoT Property Definition" solution="IoTConnector (1.8.9.7)" />
        <Dependent type="80" schemaName="Customerservicehub" displayName="Customer Service Hub" />
      </MissingDependency>
      <MissingDependency>
        <Required type="1" schemaName="msdyn_iotsettings" displayName="IoT Settings" solution="IoTConnector (1.8.9.7)" />
        <Dependent type="80" schemaName="Customerservicehub" displayName="Customer Service Hub" />
      </MissingDependency>
      <MissingDependency>
        <Required type="1" schemaName="msdyn_iottocaseprocess" displayName="IoT Alert to Case Process" solution="msdyn_ConnectedCustomerService (9.0.20115.1027)" />
        <Dependent type="80" schemaName="Customerservicehub" displayName="Customer Service Hub" />
      </MissingDependency>
      <MissingDependency>
        <Required type="1" schemaName="msdyn_notificationtemplate" displayName="Notification Template" solution="msdyn_AppProfileManager (10.1.23081.1020)" />
        <Dependent type="80" schemaName="Customerservicehub" displayName="Customer Service Hub" />
      </MissingDependency>
      <MissingDependency>
        <Required type="1" schemaName="msdyn_productivityagentscript" displayName="Agent script" solution="msdyn_Agentscripts (9.2.23081.1018)" />
        <Dependent type="80" schemaName="Customerservicehub" displayName="Customer Service Hub" />
      </MissingDependency>
      <MissingDependency>
        <Required type="1" schemaName="msdyn_productivityagentscriptstep" displayName="Agent script step" solution="msdyn_Agentscripts (9.2.23081.1018)" />
        <Dependent type="80" schemaName="Customerservicehub" displayName="Customer Service Hub" />
      </MissingDependency>
      <MissingDependency>
        <Required type="1" schemaName="msdyn_sessiontemplate" displayName="Session Template" solution="msdyn_AppProfileManager (10.1.23081.1020)" />
        <Dependent type="80" schemaName="Customerservicehub" displayName="Customer Service Hub" />
      </MissingDependency>
      <MissingDependency>
        <Required type="1" schemaName="msdyn_slakpi" displayName="SLA KPI" solution="msdynce_ServiceLevelAgreementExtension (9.0.23081.1009)" />
        <Dependent type="80" schemaName="Customerservicehub" displayName="Customer Service Hub" />
      </MissingDependency>
      <MissingDependency>
        <Required type="1" schemaName="msdyn_swarm" displayName="Swarm" solution="msdyn_Swarming (9.0.23081.1010)" />
        <Dependent type="60" displayName="Case for Interactive experience" parentDisplayName="Case" id="{915f6055-2e07-4276-ae08-2b96c8d02c57}" />
      </MissingDependency>
      <MissingDependency>
        <Required type="1" schemaName="msdyn_swarm" displayName="Swarm" solution="msdyn_Swarming (9.0.23081.1010)" />
        <Dependent type="80" schemaName="Customerservicehub" displayName="Customer Service Hub" />
      </MissingDependency>
      <MissingDependency>
        <Required type="1" schemaName="msdyn_unifiedroutingrun" displayName="Routing diagnostic" solution="DecisionEngine (1.0.0.4126)" />
        <Dependent type="80" schemaName="Customerservicehub" displayName="Customer Service Hub" />
      </MissingDependency>
      <MissingDependency>
        <Required type="1" schemaName="phonetocaseprocess" displayName="Phone To Case Process" solution="msdynce_Service (9.0.5.56)" />
        <Dependent type="80" schemaName="Customerservicehub" displayName="Customer Service Hub" />
      </MissingDependency>
      <MissingDependency>
        <Required type="1" schemaName="service" displayName="Service" solution="msdynce_Service (9.0.5.56)" />
        <Dependent type="80" schemaName="Customerservicehub" displayName="Customer Service Hub" />
      </MissingDependency>
      <MissingDependency>
        <Required type="1" schemaName="serviceappointment" displayName="Service Activity" solution="msdynce_Service (9.0.5.56)" />
        <Dependent type="80" schemaName="Customerservicehub" displayName="Customer Service Hub" />
      </MissingDependency>
      <MissingDependency>
        <Required type="1" schemaName="site" displayName="Site" solution="msdynce_Service (9.0.5.56)" />
        <Dependent type="80" schemaName="Customerservicehub" displayName="Customer Service Hub" />
      </MissingDependency>
      <MissingDependency>
        <Required type="10" schemaName="msdyn_incident_msdyn_customerasset" displayName="msdyn_incident_msdyn_customerasset" parentSchemaName="incident" parentDisplayName="Case" solution="msdyn_ConnectedCustomerService (9.0.20115.1027)" />
        <Dependent type="60" displayName="Case for Interactive experience" parentDisplayName="Case" id="{915f6055-2e07-4276-ae08-2b96c8d02c57}" />
      </MissingDependency>
      <MissingDependency>
        <Required type="10" schemaName="msdyn_swarm_incident" displayName="msdyn_swarm_incident" parentSchemaName="incident" parentDisplayName="Case" solution="msdyn_SwarmingForCS (9.0.23081.1010)" />
        <Dependent type="60" displayName="Case for Interactive experience" parentDisplayName="Case" id="{915f6055-2e07-4276-ae08-2b96c8d02c57}" />
      </MissingDependency>
      <MissingDependency>
        <Required type="10" schemaName="msdyn_msdyn_iotalert_incident_IoTAlert" displayName="msdyn_msdyn_iotalert_incident_IoTAlert" parentSchemaName="msdyn_iotalert" parentDisplayName="IoT Alert" solution="msdyn_ConnectedCustomerService (9.0.20115.1027)" />
        <Dependent type="60" displayName="Case for Interactive experience" parentDisplayName="Case" id="{915f6055-2e07-4276-ae08-2b96c8d02c57}" />
      </MissingDependency>
      <MissingDependency>
        <Required type="2" schemaName="blockedprofile" displayName="Blocked Profile" parentSchemaName="incident" parentDisplayName="Case" solution="msdynce_Service (9.0.5.56)" />
        <Dependent type="60" displayName="Case for Interactive experience" parentDisplayName="Case" id="{915f6055-2e07-4276-ae08-2b96c8d02c57}" />
      </MissingDependency>
      <MissingDependency>
        <Required type="2" schemaName="caseorigincode" displayName="Origin" parentSchemaName="incident" parentDisplayName="Case" solution="msdynce_Service (9.0.5.56)" />
        <Dependent type="60" displayName="Case for Interactive experience" parentDisplayName="Case" id="{915f6055-2e07-4276-ae08-2b96c8d02c57}" />
      </MissingDependency>
      <MissingDependency>
        <Required type="2" schemaName="casetypecode" displayName="Case Type" parentSchemaName="incident" parentDisplayName="Case" solution="msdynce_Service (9.0.5.56)" />
        <Dependent type="60" displayName="Case for Interactive experience" parentDisplayName="Case" id="{915f6055-2e07-4276-ae08-2b96c8d02c57}" />
      </MissingDependency>
      <MissingDependency>
        <Required type="2" schemaName="createdon" displayName="Created On" parentSchemaName="incident" parentDisplayName="Case" solution="msdynce_Service (9.0.5.56)" />
        <Dependent type="60" displayName="Case for Interactive experience" parentDisplayName="Case" id="{915f6055-2e07-4276-ae08-2b96c8d02c57}" />
      </MissingDependency>
      <MissingDependency>
        <Required type="2" schemaName="customerid" displayName="Customer" parentSchemaName="incident" parentDisplayName="Case" solution="msdynce_Service (9.0.5.56)" />
        <Dependent type="29" displayName="Escalation Email to the Team" id="{b902cdf8-22a4-4bd9-8c7c-8a035edb1ad7}" />
      </MissingDependency>
      <MissingDependency>
        <Required type="2" schemaName="customerid" displayName="Customer" parentSchemaName="incident" parentDisplayName="Case" solution="msdynce_Service (9.0.5.56)" />
        <Dependent type="60" displayName="Case for Interactive experience" parentDisplayName="Case" id="{915f6055-2e07-4276-ae08-2b96c8d02c57}" />
      </MissingDependency>
      <MissingDependency>
        <Required type="2" schemaName="description" displayName="Description" parentSchemaName="incident" parentDisplayName="Case" solution="msdynce_Service (9.0.5.56)" />
        <Dependent type="36" displayName="Case Escalation for Escalation Team" id="{2d64812a-2552-ee11-be6f-002248c5dba2}" />
      </MissingDependency>
      <MissingDependency>
        <Required type="2" schemaName="description" displayName="Description" parentSchemaName="incident" parentDisplayName="Case" solution="msdynce_Service (9.0.5.56)" />
        <Dependent type="36" displayName="Case Escalation for Confidential Case Team" id="{fee81368-9b51-ee11-be6f-002248c5dba2}" />
      </MissingDependency>
      <MissingDependency>
        <Required type="2" schemaName="description" displayName="Description" parentSchemaName="incident" parentDisplayName="Case" solution="msdynce_Service (9.0.5.56)" />
        <Dependent type="60" displayName="Case for Interactive experience" parentDisplayName="Case" id="{915f6055-2e07-4276-ae08-2b96c8d02c57}" />
      </MissingDependency>
      <MissingDependency>
        <Required type="2" schemaName="entitlementid" displayName="Entitlement" parentSchemaName="incident" parentDisplayName="Case" solution="msdynce_Service (9.0.5.56)" />
        <Dependent type="60" displayName="Case for Interactive experience" parentDisplayName="Case" id="{915f6055-2e07-4276-ae08-2b96c8d02c57}" />
      </MissingDependency>
      <MissingDependency>
        <Required type="2" schemaName="escalatedon" displayName="Escalated On" parentSchemaName="incident" parentDisplayName="Case" solution="msdynce_Service (9.0.5.56)" />
        <Dependent type="60" displayName="Case for Interactive experience" parentDisplayName="Case" id="{915f6055-2e07-4276-ae08-2b96c8d02c57}" />
      </MissingDependency>
      <MissingDependency>
        <Required type="2" schemaName="firstresponsebykpiid" displayName="First Response By KPI" parentSchemaName="incident" parentDisplayName="Case" solution="msdynce_Service (9.0.5.56)" />
        <Dependent type="60" displayName="Case for Interactive experience" parentDisplayName="Case" id="{915f6055-2e07-4276-ae08-2b96c8d02c57}" />
      </MissingDependency>
      <MissingDependency>
        <Required type="2" schemaName="firstresponsesent" displayName="First Response Sent" parentSchemaName="incident" parentDisplayName="Case" solution="msdynce_Service (9.0.5.56)" />
        <Dependent type="60" displayName="Case for Interactive experience" parentDisplayName="Case" id="{915f6055-2e07-4276-ae08-2b96c8d02c57}" />
      </MissingDependency>
      <MissingDependency>
        <Required type="2" schemaName="followupby" displayName="Follow Up By" parentSchemaName="incident" parentDisplayName="Case" solution="msdynce_Service (9.0.5.56)" />
        <Dependent type="60" displayName="Case for Interactive experience" parentDisplayName="Case" id="{915f6055-2e07-4276-ae08-2b96c8d02c57}" />
      </MissingDependency>
      <MissingDependency>
        <Required type="2" schemaName="incidentid" displayName="Case" parentSchemaName="incident" parentDisplayName="Case" solution="msdynce_Service (9.0.5.56)" />
        <Dependent type="29" displayName="Escalation Email to the Team" id="{b902cdf8-22a4-4bd9-8c7c-8a035edb1ad7}" />
      </MissingDependency>
      <MissingDependency>
        <Required type="2" schemaName="incidentid" displayName="Case" parentSchemaName="incident" parentDisplayName="Case" solution="msdynce_Service (9.0.5.56)" />
        <Dependent type="36" displayName="Case Escalation for Escalation Team" id="{2d64812a-2552-ee11-be6f-002248c5dba2}" />
      </MissingDependency>
      <MissingDependency>
        <Required type="2" schemaName="incidentid" displayName="Case" parentSchemaName="incident" parentDisplayName="Case" solution="msdynce_Service (9.0.5.56)" />
        <Dependent type="36" displayName="Case Escalation for Confidential Case Team" id="{fee81368-9b51-ee11-be6f-002248c5dba2}" />
      </MissingDependency>
      <MissingDependency>
        <Required type="2" schemaName="incidentid" displayName="Case" parentSchemaName="incident" parentDisplayName="Case" solution="msdynce_Service (9.0.5.56)" />
        <Dependent type="60" displayName="Case for Interactive experience" parentDisplayName="Case" id="{915f6055-2e07-4276-ae08-2b96c8d02c57}" />
      </MissingDependency>
      <MissingDependency>
        <Required type="2" schemaName="influencescore" displayName="Influence Score" parentSchemaName="incident" parentDisplayName="Case" solution="msdynce_Service (9.0.5.56)" />
        <Dependent type="60" displayName="Case for Interactive experience" parentDisplayName="Case" id="{915f6055-2e07-4276-ae08-2b96c8d02c57}" />
      </MissingDependency>
      <MissingDependency>
        <Required type="2" schemaName="isescalated" displayName="Is Escalated" parentSchemaName="incident" parentDisplayName="Case" solution="msdynce_Service (9.0.5.56)" />
        <Dependent type="2" schemaName="isescalated" displayName="Is Escalated" parentSchemaName="incident" parentDisplayName="Case" />
      </MissingDependency>
      <MissingDependency>
        <Required type="2" schemaName="isescalated" displayName="Is Escalated" parentSchemaName="incident" parentDisplayName="Case" solution="msdynce_Service (9.0.5.56)" />
        <Dependent type="29" displayName="Escalation Email to the Team" id="{b902cdf8-22a4-4bd9-8c7c-8a035edb1ad7}" />
      </MissingDependency>
      <MissingDependency>
        <Required type="2" schemaName="isescalated" displayName="Is Escalated" parentSchemaName="incident" parentDisplayName="Case" solution="msdynce_Service (9.0.5.56)" />
        <Dependent type="60" displayName="Case for Interactive experience" parentDisplayName="Case" id="{915f6055-2e07-4276-ae08-2b96c8d02c57}" />
      </MissingDependency>
      <MissingDependency>
        <Required type="2" schemaName="messagetypecode" displayName="Received As" parentSchemaName="incident" parentDisplayName="Case" solution="msdynce_Service (9.0.5.56)" />
        <Dependent type="60" displayName="Case for Interactive experience" parentDisplayName="Case" id="{915f6055-2e07-4276-ae08-2b96c8d02c57}" />
      </MissingDependency>
      <MissingDependency>
        <Required type="2" schemaName="msdyn_iotalert" displayName="IoT Alert" parentSchemaName="incident" parentDisplayName="Case" solution="msdyn_ConnectedCustomerService (9.0.20115.1027)" />
        <Dependent type="60" displayName="Case for Interactive experience" parentDisplayName="Case" id="{915f6055-2e07-4276-ae08-2b96c8d02c57}" />
      </MissingDependency>
      <MissingDependency>
        <Required type="2" schemaName="ownerid" displayName="Owner" parentSchemaName="incident" parentDisplayName="Case" solution="msdynce_Service (9.0.5.56)" />
        <Dependent type="60" displayName="Case for Interactive experience" parentDisplayName="Case" id="{915f6055-2e07-4276-ae08-2b96c8d02c57}" />
      </MissingDependency>
      <MissingDependency>
        <Required type="2" schemaName="parentcaseid" displayName="Parent Case" parentSchemaName="incident" parentDisplayName="Case" solution="msdynce_Service (9.0.5.56)" />
        <Dependent type="60" displayName="Case for Interactive experience" parentDisplayName="Case" id="{915f6055-2e07-4276-ae08-2b96c8d02c57}" />
      </MissingDependency>
      <MissingDependency>
        <Required type="2" schemaName="primarycontactid" displayName="Contact" parentSchemaName="incident" parentDisplayName="Case" solution="msdynce_Service (9.0.5.56)" />
        <Dependent type="60" displayName="Case for Interactive experience" parentDisplayName="Case" id="{915f6055-2e07-4276-ae08-2b96c8d02c57}" />
      </MissingDependency>
      <MissingDependency>
        <Required type="2" schemaName="prioritycode" displayName="Priority" parentSchemaName="incident" parentDisplayName="Case" solution="msdynce_Service (9.0.5.56)" />
        <Dependent type="60" displayName="Case for Interactive experience" parentDisplayName="Case" id="{915f6055-2e07-4276-ae08-2b96c8d02c57}" />
      </MissingDependency>
      <MissingDependency>
        <Required type="2" schemaName="productid" displayName="Product" parentSchemaName="incident" parentDisplayName="Case" solution="msdynce_Service (9.0.5.56)" />
        <Dependent type="60" displayName="Case for Interactive experience" parentDisplayName="Case" id="{915f6055-2e07-4276-ae08-2b96c8d02c57}" />
      </MissingDependency>
      <MissingDependency>
        <Required type="2" schemaName="resolveby" displayName="Resolve By" parentSchemaName="incident" parentDisplayName="Case" solution="msdynce_Service (9.0.5.56)" />
        <Dependent type="60" displayName="Case for Interactive experience" parentDisplayName="Case" id="{915f6055-2e07-4276-ae08-2b96c8d02c57}" />
      </MissingDependency>
      <MissingDependency>
        <Required type="2" schemaName="resolvebykpiid" displayName="Resolve By KPI" parentSchemaName="incident" parentDisplayName="Case" solution="msdynce_Service (9.0.5.56)" />
        <Dependent type="60" displayName="Case for Interactive experience" parentDisplayName="Case" id="{915f6055-2e07-4276-ae08-2b96c8d02c57}" />
      </MissingDependency>
      <MissingDependency>
        <Required type="2" schemaName="responseby" displayName="First Response By" parentSchemaName="incident" parentDisplayName="Case" solution="msdynce_Service (9.0.5.56)" />
        <Dependent type="60" displayName="Case for Interactive experience" parentDisplayName="Case" id="{915f6055-2e07-4276-ae08-2b96c8d02c57}" />
      </MissingDependency>
      <MissingDependency>
        <Required type="2" schemaName="sentimentvalue" displayName="Sentiment Value" parentSchemaName="incident" parentDisplayName="Case" solution="msdynce_Service (9.0.5.56)" />
        <Dependent type="60" displayName="Case for Interactive experience" parentDisplayName="Case" id="{915f6055-2e07-4276-ae08-2b96c8d02c57}" />
      </MissingDependency>
      <MissingDependency>
        <Required type="2" schemaName="socialprofileid" displayName="Social Profile" parentSchemaName="incident" parentDisplayName="Case" solution="msdynce_Service (9.0.5.56)" />
        <Dependent type="60" displayName="Case for Interactive experience" parentDisplayName="Case" id="{915f6055-2e07-4276-ae08-2b96c8d02c57}" />
      </MissingDependency>
      <MissingDependency>
        <Required type="2" schemaName="statuscode" displayName="Status Reason" parentSchemaName="incident" parentDisplayName="Case" solution="msdynce_Service (9.0.5.56)" />
        <Dependent type="60" displayName="Case for Interactive experience" parentDisplayName="Case" id="{915f6055-2e07-4276-ae08-2b96c8d02c57}" />
      </MissingDependency>
      <MissingDependency>
        <Required type="2" schemaName="subjectid" displayName="Subject" parentSchemaName="incident" parentDisplayName="Case" solution="msdynce_Service (9.0.5.56)" />
        <Dependent type="60" displayName="Case for Interactive experience" parentDisplayName="Case" id="{915f6055-2e07-4276-ae08-2b96c8d02c57}" />
      </MissingDependency>
      <MissingDependency>
        <Required type="2" schemaName="ticketnumber" displayName="Case Number" parentSchemaName="incident" parentDisplayName="Case" solution="msdynce_Service (9.0.5.56)" />
        <Dependent type="36" displayName="Case Escalation for Escalation Team" id="{2d64812a-2552-ee11-be6f-002248c5dba2}" />
      </MissingDependency>
      <MissingDependency>
        <Required type="2" schemaName="ticketnumber" displayName="Case Number" parentSchemaName="incident" parentDisplayName="Case" solution="msdynce_Service (9.0.5.56)" />
        <Dependent type="36" displayName="Case Escalation for Confidential Case Team" id="{fee81368-9b51-ee11-be6f-002248c5dba2}" />
      </MissingDependency>
      <MissingDependency>
        <Required type="2" schemaName="ticketnumber" displayName="Case Number" parentSchemaName="incident" parentDisplayName="Case" solution="msdynce_Service (9.0.5.56)" />
        <Dependent type="60" displayName="Case for Interactive experience" parentDisplayName="Case" id="{915f6055-2e07-4276-ae08-2b96c8d02c57}" />
      </MissingDependency>
      <MissingDependency>
        <Required type="2" schemaName="title" displayName="Case Title" parentSchemaName="incident" parentDisplayName="Case" solution="msdynce_Service (9.0.5.56)" />
        <Dependent type="29" displayName="Escalation Email to the Team" id="{b902cdf8-22a4-4bd9-8c7c-8a035edb1ad7}" />
      </MissingDependency>
      <MissingDependency>
        <Required type="2" schemaName="title" displayName="Case Title" parentSchemaName="incident" parentDisplayName="Case" solution="msdynce_Service (9.0.5.56)" />
        <Dependent type="36" displayName="Case Escalation for Escalation Team" id="{2d64812a-2552-ee11-be6f-002248c5dba2}" />
      </MissingDependency>
      <MissingDependency>
        <Required type="2" schemaName="title" displayName="Case Title" parentSchemaName="incident" parentDisplayName="Case" solution="msdynce_Service (9.0.5.56)" />
        <Dependent type="36" displayName="Case Escalation for Confidential Case Team" id="{fee81368-9b51-ee11-be6f-002248c5dba2}" />
      </MissingDependency>
      <MissingDependency>
        <Required type="2" schemaName="title" displayName="Case Title" parentSchemaName="incident" parentDisplayName="Case" solution="msdynce_Service (9.0.5.56)" />
        <Dependent type="60" displayName="Case for Interactive experience" parentDisplayName="Case" id="{915f6055-2e07-4276-ae08-2b96c8d02c57}" />
      </MissingDependency>
      <MissingDependency>
        <Required type="2" schemaName="traversedpath" displayName="(Deprecated) Traversed Path" parentSchemaName="incident" parentDisplayName="Case" solution="msdynce_Service (9.0.5.56)" />
        <Dependent type="60" displayName="Case for Interactive experience" parentDisplayName="Case" id="{915f6055-2e07-4276-ae08-2b96c8d02c57}" />
      </MissingDependency>
      <MissingDependency>
        <Required type="26" schemaName="IoT Alert Lookup View" displayName="IoT Alert Lookup View" parentSchemaName="msdyn_iotalert" parentDisplayName="IoT Alert" solution="IoTConnector (1.8.9.7)" id="{0d671846-601a-43fb-ad96-d4563022bfb7}" />
        <Dependent type="80" schemaName="Customerservicehub" displayName="Customer Service Hub" />
      </MissingDependency>
      <MissingDependency>
        <Required type="26" schemaName="Active Commands" displayName="Active Commands" parentSchemaName="msdyn_iotdevicecommand" parentDisplayName="IoT Device Command" solution="msdyn_ConnectedCustomerService (9.0.20115.1027)" id="{1c53b91a-1914-ea11-a81f-000d3ac3e048}" />
        <Dependent type="80" schemaName="Customerservicehub" displayName="Customer Service Hub" />
      </MissingDependency>
      <MissingDependency>
        <Required type="26" schemaName="My active swarms" displayName="My active swarms" parentSchemaName="msdyn_swarm" parentDisplayName="Swarm" solution="msdyn_SwarmingForCS (9.0.23081.1010)" id="{214bc6ac-d27f-ec11-8d20-0022480c42fd}" />
        <Dependent type="80" schemaName="Customerservicehub" displayName="Customer Service Hub" />
      </MissingDependency>
      <MissingDependency>
        <Required type="26" schemaName="Swarms I follow" displayName="Swarms I follow" parentSchemaName="msdyn_swarm" parentDisplayName="Swarm" solution="msdyn_SwarmingForCS (9.0.23081.1010)" id="{23e865fb-1a7f-ec11-8d20-0022480c42fd}" />
        <Dependent type="80" schemaName="Customerservicehub" displayName="Customer Service Hub" />
      </MissingDependency>
      <MissingDependency>
        <Required type="26" schemaName="Active Alerts" displayName="Active Alerts" parentSchemaName="msdyn_iotalert" parentDisplayName="IoT Alert" solution="msdyn_ConnectedCustomerService (9.0.20115.1027)" id="{288bede2-1714-ea11-a81f-000d3ac3e048}" />
        <Dependent type="80" schemaName="Customerservicehub" displayName="Customer Service Hub" />
      </MissingDependency>
      <MissingDependency>
        <Required type="26" schemaName="Routing diagnostics" displayName="Routing diagnostics" parentSchemaName="msdyn_unifiedroutingrun" parentDisplayName="Routing diagnostic" solution="OCBaseURBase (1.1.0.84)" id="{2a600798-8762-eb11-a812-000d3a5475f7}" />
        <Dependent type="80" schemaName="Customerservicehub" displayName="Customer Service Hub" />
      </MissingDependency>
      <MissingDependency>
        <Required type="26" schemaName="Activity monitor for record creation and update rules" displayName="Activity monitor for record creation and update rules" parentSchemaName="activitymonitor" parentDisplayName="Activity monitor" solution="AutomaticRecordCreation (9.1.23073.36)" id="{2a9487b4-8684-4962-bd8d-04472ba737d7}" />
        <Dependent type="80" schemaName="Customerservicehub" displayName="Customer Service Hub" />
      </MissingDependency>
      <MissingDependency>
        <Required type="26" schemaName="Customer Asset associated view with alerts" displayName="Customer Asset associated view with alerts" parentSchemaName="msdyn_customerasset" parentDisplayName="Customer Asset" solution="msdyn_ConnectedCustomerService (9.0.20115.1027)" id="{38cc036f-fbfe-e911-a81c-000d3ac2c6cb}" />
        <Dependent type="60" displayName="Case for Interactive experience" parentDisplayName="Case" id="{915f6055-2e07-4276-ae08-2b96c8d02c57}" />
      </MissingDependency>
      <MissingDependency>
        <Required type="26" schemaName="Data Insights And Analytics Feature for Sales Acceleration" displayName="Data Insights And Analytics Feature for Sales Acceleration" parentSchemaName="msdyn_datainsightsandanalyticsfeature" parentDisplayName="Insights" solution="msdyn_AnalyticsForCS (1.2.23198.1)" id="{3a863a4d-3843-483d-a221-8357471ef73b}" />
        <Dependent type="80" schemaName="Customerservicehub" displayName="Customer Service Hub" />
      </MissingDependency>
      <MissingDependency>
        <Required type="26" schemaName="- Insights" displayName="- Insights" parentSchemaName="msdyn_dataanalyticsreport_csrmanager" parentDisplayName="Customer Service historical analytics" solution="msdyn_AnalyticsForCS (1.2.23198.1)" id="{42169494-69ed-488f-984b-e5d5faf73efa}" />
        <Dependent type="80" schemaName="Customerservicehub" displayName="Customer Service Hub" />
      </MissingDependency>
      <MissingDependency>
        <Required type="26" schemaName="Cancelled swarms" displayName="Cancelled swarms" parentSchemaName="msdyn_swarm" parentDisplayName="Swarm" solution="msdyn_SwarmingForCS (9.0.23081.1010)" id="{4474ee26-3709-ed11-b83f-0022482aea7b}" />
        <Dependent type="80" schemaName="Customerservicehub" displayName="Customer Service Hub" />
      </MissingDependency>
      <MissingDependency>
        <Required type="26" schemaName="KB keywords and decription suggestion setting page" displayName="KB keywords and decription suggestion setting page" parentSchemaName="msdyn_datainsightsandanalyticsfeature" parentDisplayName="Insights" solution="msdyn_InsightsAnalyticsCSConfiguration (1.2.23198.1)" id="{4b856c35-ed13-4cc5-bc1d-2e81934806cc}" />
        <Dependent type="80" schemaName="Customerservicehub" displayName="Customer Service Hub" />
      </MissingDependency>
      <MissingDependency>
        <Required type="26" schemaName="Record creation and update rules" displayName="Record creation and update rules" parentSchemaName="convertrule" parentDisplayName="Record Creation and Update Rule" solution="AutomaticRecordCreation (9.1.23073.36)" id="{4c282407-113e-ea11-a81c-000d3a6e0dee}" />
        <Dependent type="80" schemaName="Customerservicehub" displayName="Customer Service Hub" />
      </MissingDependency>
      <MissingDependency>
        <Required type="26" schemaName="Associated Knowledge Records View" displayName="Associated Knowledge Records View" parentSchemaName="knowledgearticleincident" parentDisplayName="Knowledge Article Incident" solution="msdynce_Service (9.0.5.56)" id="{4ce7d553-9bba-4d8f-b209-899af9d3937c}" />
        <Dependent type="60" displayName="Case for Interactive experience" parentDisplayName="Case" id="{915f6055-2e07-4276-ae08-2b96c8d02c57}" />
      </MissingDependency>
      <MissingDependency>
        <Required type="26" schemaName="Active record creation and update rules" displayName="Active record creation and update rules" parentSchemaName="convertrule" parentDisplayName="Record Creation and Update Rule" solution="AutomaticRecordCreation (9.1.23073.36)" id="{54097fb3-213e-ea11-a81c-000d3a6e0dee}" />
        <Dependent type="80" schemaName="Customerservicehub" displayName="Customer Service Hub" />
      </MissingDependency>
      <MissingDependency>
        <Required type="26" schemaName="Active Products Lookup View" displayName="Active Products Lookup View" parentSchemaName="product" parentDisplayName="Product" solution="msdynce_ProductManagement (9.0.4.0066)" id="{58afc3c5-8add-4552-98cb-473bc8f75619}" />
        <Dependent type="60" displayName="Case for Interactive experience" parentDisplayName="Case" id="{915f6055-2e07-4276-ae08-2b96c8d02c57}" />
      </MissingDependency>
      <MissingDependency>
        <Required type="26" schemaName="All swarms" displayName="All swarms" parentSchemaName="msdyn_swarm" parentDisplayName="Swarm" solution="msdyn_SwarmingForCS (9.0.23081.1010)" id="{5e551bb5-117f-ec11-8d20-0022480c42fd}" />
        <Dependent type="80" schemaName="Customerservicehub" displayName="Customer Service Hub" />
      </MissingDependency>
      <MissingDependency>
        <Required type="26" schemaName="Associated Cases For Interaction Centric Form" displayName="Associated Cases For Interaction Centric Form" parentSchemaName="incident" parentDisplayName="Case" solution="msdynce_Service (9.0.5.56)" id="{65ab1a2c-1cd9-4fbe-8fd3-d52142d6b3fd}" />
        <Dependent type="60" displayName="Case for Interactive experience" parentDisplayName="Case" id="{915f6055-2e07-4276-ae08-2b96c8d02c57}" />
      </MissingDependency>
      <MissingDependency>
        <Required type="26" schemaName="- Insights" displayName="- Insights" parentSchemaName="msdyn_dataanalyticsreport_forecast" parentDisplayName="Forecast (preview)" solution="msdyn_AnalyticsForCS (1.2.23198.1)" id="{68837700-4efe-4fdd-9ac5-197e224caba7}" />
        <Dependent type="80" schemaName="Customerservicehub" displayName="Customer Service Hub" />
      </MissingDependency>
      <MissingDependency>
        <Required type="26" schemaName="Connected Devices" displayName="Connected Devices" parentSchemaName="msdyn_customerasset" parentDisplayName="Customer Asset" solution="msdyn_IoTAssetCommon (1.7.38.7)" id="{6da9a965-1899-471c-9478-915527225a92}" />
        <Dependent type="80" schemaName="Customerservicehub" displayName="Customer Service Hub" />
      </MissingDependency>
      <MissingDependency>
        <Required type="26" schemaName="Active Customer Assets" displayName="Active Customer Assets" parentSchemaName="msdyn_customerasset" parentDisplayName="Customer Asset" solution="msdyn_AssetCommon (1.0.26.9)" id="{6ecb03a4-acda-44ae-83e3-c60ba8338dbb}" />
        <Dependent type="80" schemaName="Customerservicehub" displayName="Customer Service Hub" />
      </MissingDependency>
      <MissingDependency>
        <Required type="26" schemaName="Suggestions setting page" displayName="Suggestions setting page" parentSchemaName="msdyn_datainsightsandanalyticsfeature" parentDisplayName="Insights" solution="msdyn_InsightsAnalyticsCSConfiguration (1.2.23198.1)" id="{6fcff708-36a4-4091-b94a-fe4ce63e36b7}" />
        <Dependent type="80" schemaName="Customerservicehub" displayName="Customer Service Hub" />
      </MissingDependency>
      <MissingDependency>
        <Required type="26" schemaName="- Insights" displayName="- Insights" parentSchemaName="msdyn_dataanalyticsreport_ksinsights" parentDisplayName="Knowledge analytics" solution="msdyn_AnalyticsForCS (1.2.23198.1)" id="{70fb13db-6208-4b0d-afb1-90ae62cd628d}" />
        <Dependent type="80" schemaName="Customerservicehub" displayName="Customer Service Hub" />
      </MissingDependency>
      <MissingDependency>
        <Required type="26" schemaName="Inactive Customer Assets" displayName="Inactive Customer Assets" parentSchemaName="msdyn_customerasset" parentDisplayName="Customer Asset" solution="msdyn_AssetCommon (1.0.26.9)" id="{718410e5-6a96-4d6e-9a7c-781265eedfb9}" />
        <Dependent type="80" schemaName="Customerservicehub" displayName="Customer Service Hub" />
      </MissingDependency>
      <MissingDependency>
        <Required type="26" schemaName="Swarm lookup view" displayName="Swarm lookup view" parentSchemaName="msdyn_swarm" parentDisplayName="Swarm" solution="msdyn_Swarming (9.0.23081.1010)" id="{792d601c-9320-493e-aa56-852b42d2935f}" />
        <Dependent type="80" schemaName="Customerservicehub" displayName="Customer Service Hub" />
      </MissingDependency>
      <MissingDependency>
        <Required type="26" schemaName="Active Alerts Chart" displayName="Active Alerts Chart" parentSchemaName="msdyn_iotalert" parentDisplayName="IoT Alert" solution="msdyn_ConnectedCustomerService (9.0.20115.1027)" id="{7d8db35b-4c16-41cf-845f-5ac383dad1ec}" />
        <Dependent type="80" schemaName="Customerservicehub" displayName="Customer Service Hub" />
      </MissingDependency>
      <MissingDependency>
        <Required type="26" schemaName="Inactive IoT alerts" displayName="Inactive IoT alerts" parentSchemaName="msdyn_iotalert" parentDisplayName="IoT Alert" solution="IoTConnector (1.8.9.7)" id="{85d8bcc6-f396-41c4-94f8-24b4a9970632}" />
        <Dependent type="80" schemaName="Customerservicehub" displayName="Customer Service Hub" />
      </MissingDependency>
      <MissingDependency>
        <Required type="26" schemaName="Primary alerts" displayName="Primary alerts" parentSchemaName="msdyn_iotalert" parentDisplayName="IoT Alert" solution="msdyn_ConnectedCustomerService (9.0.20115.1027)" id="{8aa1e7c2-1514-ea11-a81f-000d3ac3e048}" />
        <Dependent type="60" displayName="Case for Interactive experience" parentDisplayName="Case" id="{915f6055-2e07-4276-ae08-2b96c8d02c57}" />
      </MissingDependency>
      <MissingDependency>
        <Required type="26" schemaName="Primary alerts" displayName="Primary alerts" parentSchemaName="msdyn_iotalert" parentDisplayName="IoT Alert" solution="msdyn_ConnectedCustomerService (9.0.20115.1027)" id="{8aa1e7c2-1514-ea11-a81f-000d3ac3e048}" />
        <Dependent type="80" schemaName="Customerservicehub" displayName="Customer Service Hub" />
      </MissingDependency>
      <MissingDependency>
        <Required type="26" schemaName="Resolved swarms" displayName="Resolved swarms" parentSchemaName="msdyn_swarm" parentDisplayName="Swarm" solution="msdyn_SwarmingForCS (9.0.23081.1010)" id="{9e2f290a-e1c8-4c71-9a67-fe6b98b36a88}" />
        <Dependent type="80" schemaName="Customerservicehub" displayName="Customer Service Hub" />
      </MissingDependency>
      <MissingDependency>
        <Required type="26" schemaName="Inactive record creation and update rules" displayName="Inactive record creation and update rules" parentSchemaName="convertrule" parentDisplayName="Record Creation and Update Rule" solution="AutomaticRecordCreation (9.1.23073.36)" id="{a00557de-213e-ea11-a81c-000d3a6e0dee}" />
        <Dependent type="80" schemaName="Customerservicehub" displayName="Customer Service Hub" />
      </MissingDependency>
      <MissingDependency>
        <Required type="26" schemaName="Inactive IoT Device Commands" displayName="Inactive IoT Device Commands" parentSchemaName="msdyn_iotdevicecommand" parentDisplayName="IoT Device Command" solution="IoTConnector (1.8.9.7)" id="{b7583a33-abc2-43fd-87cd-2d8eeaa9efad}" />
        <Dependent type="80" schemaName="Customerservicehub" displayName="Customer Service Hub" />
      </MissingDependency>
      <MissingDependency>
        <Required type="26" schemaName="Primary alerts" displayName="Primary alerts" parentSchemaName="msdyn_iotalert" parentDisplayName="IoT Alert" solution="IoTConnector (1.8.9.7)" id="{b96d141d-a429-e611-8107-00155db9cd0a}" />
        <Dependent type="60" displayName="Case for Interactive experience" parentDisplayName="Case" id="{915f6055-2e07-4276-ae08-2b96c8d02c57}" />
      </MissingDependency>
      <MissingDependency>
        <Required type="26" schemaName="Similar Resolved Cases for Interaction Centric" displayName="Similar Resolved Cases for Interaction Centric" parentSchemaName="incident" parentDisplayName="Case" solution="msdynce_Service (9.0.5.56)" id="{bd15c679-df0b-e611-80d2-00155db1076f}" />
        <Dependent type="60" displayName="Case for Interactive experience" parentDisplayName="Case" id="{915f6055-2e07-4276-ae08-2b96c8d02c57}" />
      </MissingDependency>
      <MissingDependency>
        <Required type="26" schemaName="Swarm advanced find view" displayName="Swarm advanced find view" parentSchemaName="msdyn_swarm" parentDisplayName="Swarm" solution="msdyn_Swarming (9.0.23081.1010)" id="{c4dd54d3-6b9d-4819-81df-c82f0263f838}" />
        <Dependent type="80" schemaName="Customerservicehub" displayName="Customer Service Hub" />
      </MissingDependency>
      <MissingDependency>
        <Required type="26" schemaName="Topic clustering setting page" displayName="Topic clustering setting page" parentSchemaName="msdyn_datainsightsandanalyticsfeature" parentDisplayName="Insights" solution="msdyn_InsightsAnalyticsCSConfiguration (1.2.23198.1)" id="{cd29dd53-ffaf-ea11-a812-000d3a8ab15e}" />
        <Dependent type="80" schemaName="Customerservicehub" displayName="Customer Service Hub" />
      </MissingDependency>
      <MissingDependency>
        <Required type="26" schemaName="Active swarms" displayName="Active swarms" parentSchemaName="msdyn_swarm" parentDisplayName="Swarm" solution="msdyn_SwarmingForCS (9.0.23081.1010)" id="{ce3410ff-5f24-460e-bc28-33893f5df27f}" />
        <Dependent type="80" schemaName="Customerservicehub" displayName="Customer Service Hub" />
      </MissingDependency>
      <MissingDependency>
        <Required type="26" schemaName="Activity monitor Advanced Find View" displayName="Activity monitor Advanced Find View" parentSchemaName="activitymonitor" parentDisplayName="Activity monitor" solution="AutomaticRecordCreation (9.1.23073.36)" id="{df26b01b-5a5c-41bc-be01-08dee57f6d06}" />
        <Dependent type="80" schemaName="Customerservicehub" displayName="Customer Service Hub" />
      </MissingDependency>
      <MissingDependency>
        <Required type="26" schemaName="Valid Entitlements for Cases" displayName="Valid Entitlements for Cases" parentSchemaName="entitlement" parentDisplayName="Entitlement" solution="msdynce_Service (9.0.5.56)" id="{e7ea283b-0490-4956-939b-3325e0798fb8}" />
        <Dependent type="60" displayName="Case for Interactive experience" parentDisplayName="Case" id="{915f6055-2e07-4276-ae08-2b96c8d02c57}" />
      </MissingDependency>
      <MissingDependency>
        <Required type="26" schemaName="Swarm associated view" displayName="Swarm associated view" parentSchemaName="msdyn_swarm" parentDisplayName="Swarm" solution="msdyn_Swarming (9.0.23081.1010)" id="{f4a46971-a1b8-4ec3-9f9e-30740bc8c8e2}" />
        <Dependent type="60" displayName="Case for Interactive experience" parentDisplayName="Case" id="{915f6055-2e07-4276-ae08-2b96c8d02c57}" />
      </MissingDependency>
      <MissingDependency>
        <Required type="26" schemaName="Swarm associated view" displayName="Swarm associated view" parentSchemaName="msdyn_swarm" parentDisplayName="Swarm" solution="msdyn_Swarming (9.0.23081.1010)" id="{f4a46971-a1b8-4ec3-9f9e-30740bc8c8e2}" />
        <Dependent type="80" schemaName="Customerservicehub" displayName="Customer Service Hub" />
      </MissingDependency>
      <MissingDependency>
        <Required type="26" schemaName="Swarms being followed" displayName="Swarms being followed" parentSchemaName="msdyn_swarm" parentDisplayName="Swarm" solution="msdyn_SwarmingForCS (9.0.23081.1010)" id="{f885ad3d-1b7f-ec11-8d20-0022480c42fd}" />
        <Dependent type="80" schemaName="Customerservicehub" displayName="Customer Service Hub" />
      </MissingDependency>
      <MissingDependency>
        <Required type="29" displayName="IoT Alert to Case Process" solution="msdyn_ConnectedCustomerService (9.0.20115.1027)" id="{006c4c42-2abe-4b61-9149-56df5b9625f9}" />
        <Dependent type="80" schemaName="Customerservicehub" displayName="Customer Service Hub" />
      </MissingDependency>
      <MissingDependency>
        <Required type="29" displayName="Phone to Case Process" solution="msdynce_Service (9.0.5.56)" id="{0ffbcde4-61c1-4355-aa89-aa1d7b2b8792}" />
        <Dependent type="80" schemaName="Customerservicehub" displayName="Customer Service Hub" />
      </MissingDependency>
      <MissingDependency>
        <Required type="60" displayName="Customer Service Representative Social Dashboard" solution="msdynce_Service (9.0.5.56)" id="{063e7659-05d9-4030-960d-10fe269a5a8b}" />
        <Dependent type="80" schemaName="Customerservicehub" displayName="Customer Service Hub" />
      </MissingDependency>
      <MissingDependency>
        <Required type="60" displayName="Email" parentDisplayName="Email" solution="msdynce_Activities (9.0.1.2033)" id="{0d1e47ff-12b2-4f53-9090-bee951b98cb4}" />
        <Dependent type="60" displayName="Email" parentDisplayName="Email" id="{0d1e47ff-12b2-4f53-9090-bee951b98cb4}" />
      </MissingDependency>
      <MissingDependency>
        <Required type="60" displayName="Timeline swarm form" parentDisplayName="Swarm" solution="msdyn_Swarming (9.0.23081.1010)" id="{16a37fb7-9c8e-4f3b-b72d-470ca4a09bd2}" />
        <Dependent type="80" schemaName="Customerservicehub" displayName="Customer Service Hub" />
      </MissingDependency>
      <MissingDependency>
        <Required type="60" displayName="Case form for swarming" parentDisplayName="Case" solution="msdyn_SwarmingForCS (9.0.23081.1010)" id="{1898d587-4b84-ec11-8d21-0022481c0d29}" />
        <Dependent type="80" schemaName="Customerservicehub" displayName="Customer Service Hub" />
      </MissingDependency>
      <MissingDependency>
        <Required type="60" displayName="Resolve By SLA" parentDisplayName="SLA KPI Instance" solution="msdynce_ServiceLevelAgreement (9.0.23081.1009)" id="{19b14c51-3d43-4d56-ab34-49c540bf468c}" />
        <Dependent type="60" displayName="Case for Interactive experience" parentDisplayName="Case" id="{915f6055-2e07-4276-ae08-2b96c8d02c57}" />
      </MissingDependency>
      <MissingDependency>
        <Required type="60" displayName="Email for Interactive experience" parentDisplayName="Email" solution="msdynce_Activities (9.0.1.2033)" id="{1d5ad078-3edb-4edc-98c6-c0c21e3125e3}" />
        <Dependent type="80" schemaName="Customerservicehub" displayName="Customer Service Hub" />
      </MissingDependency>
      <MissingDependency>
        <Required type="60" displayName="Appointment for Interactive experience" parentDisplayName="Meeting" solution="msdynce_Activities (9.0.1.2033)" id="{230cd27c-0ce0-4b52-9fe5-d7a5ed94ba4e}" />
        <Dependent type="80" schemaName="Customerservicehub" displayName="Customer Service Hub" />
      </MissingDependency>
      <MissingDependency>
        <Required type="60" displayName="Record Creation and Update Rule - UCI" parentDisplayName="Record Creation and Update Rule" solution="AutomaticRecordCreation (9.1.23073.36)" id="{2c8955c5-133b-423f-bb72-01880111bbfd}" />
        <Dependent type="80" schemaName="Customerservicehub" displayName="Customer Service Hub" />
      </MissingDependency>
      <MissingDependency>
        <Required type="60" displayName="Connected Customer Service Dashboard" solution="msdyn_ConnectedCustomerService (9.0.20115.1027)" id="{351c4635-47a7-e911-8199-000d3af92e18}" />
        <Dependent type="80" schemaName="Customerservicehub" displayName="Customer Service Hub" />
      </MissingDependency>
      <MissingDependency>
        <Required type="60" displayName="Recent Cases and Entitlements" parentDisplayName="Account" solution="msdynce_Service (9.0.5.56)" id="{43300723-f867-420b-ab28-976a4d12e6c4}" />
        <Dependent type="60" displayName="Case for Interactive experience" parentDisplayName="Case" id="{915f6055-2e07-4276-ae08-2b96c8d02c57}" />
      </MissingDependency>
      <MissingDependency>
        <Required type="60" displayName="Customer Service Operations Dashboard" solution="msdynce_Service (9.0.5.56)" id="{4e76815a-1f63-df11-ae90-00155d2e3002}" />
        <Dependent type="80" schemaName="Customerservicehub" displayName="Customer Service Hub" />
      </MissingDependency>
      <MissingDependency>
        <Required type="60" displayName="Knowledge Article Incident for Interactive experience" parentDisplayName="Knowledge Article Incident" solution="msdynce_Service (9.0.5.56)" id="{5e4e7214-a56d-4152-ac51-1a89e463eff4}" />
        <Dependent type="80" schemaName="Customerservicehub" displayName="Customer Service Hub" />
      </MissingDependency>
      <MissingDependency>
        <Required type="60" displayName="Enhanced Email" parentDisplayName="Email" solution="msdynce_ActivitiesPatch (9.0.23084.230824002)" id="{63769d04-c74f-4808-b0aa-77339e1b9191}" />
        <Dependent type="80" schemaName="Customerservicehub" displayName="Customer Service Hub" />
      </MissingDependency>
      <MissingDependency>
        <Required type="60" displayName="Customer Service Manager Dashboard" solution="msdynce_Service (9.0.5.56)" id="{65e050d3-8b71-4b53-acb5-bb9af83bf384}" />
        <Dependent type="80" schemaName="Customerservicehub" displayName="Customer Service Hub" />
      </MissingDependency>
      <MissingDependency>
        <Required type="60" displayName="Customer Service Representative Dashboard" solution="msdynce_Service (9.0.5.56)" id="{6e00802f-8c73-df11-986c-00155d2e3002}" />
        <Dependent type="80" schemaName="Customerservicehub" displayName="Customer Service Hub" />
      </MissingDependency>
      <MissingDependency>
        <Required type="60" displayName="contact card" parentDisplayName="Contact" solution="msdynce_AppCommon (9.0.4.0066)" id="{707fc57b-c5e6-471b-a180-e37ed28a38e2}" />
        <Dependent type="60" displayName="Case for Interactive experience" parentDisplayName="Case" id="{915f6055-2e07-4276-ae08-2b96c8d02c57}" />
      </MissingDependency>
      <MissingDependency>
        <Required type="60" displayName="Information" parentDisplayName="Case Resolution" solution="msdynce_Service (9.0.5.56)" id="{74d16ac1-ff56-46ac-a0ae-1102197649c3}" />
        <Dependent type="80" schemaName="Customerservicehub" displayName="Customer Service Hub" />
      </MissingDependency>
      <MissingDependency>
        <Required type="60" displayName="Template" parentDisplayName="Email Template" solution="msdynce_ActivitiesPatch (9.0.23084.230824002)" id="{87dd6639-ef6a-4780-b454-6177eb7b3d6d}" />
        <Dependent type="80" schemaName="Customerservicehub" displayName="Customer Service Hub" />
      </MissingDependency>
      <MissingDependency>
        <Required type="60" displayName="Case for Interactive experience" parentDisplayName="Case" solution="msdynce_Service (9.0.5.56)" id="{915f6055-2e07-4276-ae08-2b96c8d02c57}" />
        <Dependent type="60" displayName="Case for Interactive experience" parentDisplayName="Case" id="{915f6055-2e07-4276-ae08-2b96c8d02c57}" />
      </MissingDependency>
      <MissingDependency>
        <Required type="60" displayName="Record Creation and Update Rule Item - UCI" parentDisplayName="Record Creation and Update Rule Item" solution="AutomaticRecordCreation (9.1.23073.36)" id="{95ab3b9c-f36f-457a-8879-71c74472eeee}" />
        <Dependent type="80" schemaName="Customerservicehub" displayName="Customer Service Hub" />
      </MissingDependency>
      <MissingDependency>
        <Required type="60" displayName="Case Resolution Quick Create Form" parentDisplayName="Case Resolution" solution="msdynce_ServicePatch201911 (9.0.23081.1016)" id="{9f50f1f6-8131-46e7-8ba1-e42403a51119}" />
        <Dependent type="80" schemaName="Customerservicehub" displayName="Customer Service Hub" />
      </MissingDependency>
      <MissingDependency>
        <Required type="60" displayName="Social Profile for Interactive experience" parentDisplayName="Social Profile" solution="msdynce_SocialProfile (9.0.1.0015)" id="{a0ea0f71-dc25-47b6-8cc9-9ef8144ae424}" />
        <Dependent type="80" schemaName="Customerservicehub" displayName="Customer Service Hub" />
      </MissingDependency>
      <MissingDependency>
        <Required type="60" displayName="Swarm form" parentDisplayName="Swarm" solution="msdyn_Swarming (9.0.23081.1010)" id="{a6d9e075-5993-4a1b-b003-4a8d091c5d8b}" />
        <Dependent type="80" schemaName="Customerservicehub" displayName="Customer Service Hub" />
      </MissingDependency>
      <MissingDependency>
        <Required type="60" displayName="Account for Interactive experience" parentDisplayName="Account" solution="msdynce_AppCommon (9.0.4.0066)" id="{a72c7955-442b-4ea4-9499-b10cd18b4256}" />
        <Dependent type="80" schemaName="Customerservicehub" displayName="Customer Service Hub" />
      </MissingDependency>
      <MissingDependency>
        <Required type="60" displayName="Customer Service Performance Dashboard" solution="msdynce_Service (9.0.5.56)" id="{acb40ffe-a1e0-47d0-a472-799911009df6}" />
        <Dependent type="80" schemaName="Customerservicehub" displayName="Customer Service Hub" />
      </MissingDependency>
      <MissingDependency>
        <Required type="60" displayName="Tier 2 Dashboard" solution="msdynce_Service (9.0.5.56)" id="{acddedde-9140-4130-a1c1-96a5c6867a9f}" />
        <Dependent type="80" schemaName="Customerservicehub" displayName="Customer Service Hub" />
      </MissingDependency>
      <MissingDependency>
        <Required type="60" displayName="account card" parentDisplayName="Account" solution="msdynce_AppCommon (9.0.4.0066)" id="{b028db32-3619-48a5-ac51-cf3f947b0ef3}" />
        <Dependent type="60" displayName="Case for Interactive experience" parentDisplayName="Case" id="{915f6055-2e07-4276-ae08-2b96c8d02c57}" />
      </MissingDependency>
      <MissingDependency>
        <Required type="60" displayName="Swarm full page control" parentDisplayName="Swarm" solution="msdyn_Swarming (9.0.23081.1010)" id="{b864afd8-d593-42d2-a93d-36228d497055}" />
        <Dependent type="80" schemaName="Customerservicehub" displayName="Customer Service Hub" />
      </MissingDependency>
      <MissingDependency>
        <Required type="60" displayName="Activity monitor main form" parentDisplayName="Activity monitor" solution="AutomaticRecordCreation (9.1.23073.36)" id="{c7c80abf-a354-4c24-a468-81c54dace49f}" />
        <Dependent type="80" schemaName="Customerservicehub" displayName="Customer Service Hub" />
      </MissingDependency>
      <MissingDependency>
        <Required type="60" displayName="Contact for Interactive experience" parentDisplayName="Contact" solution="msdynce_LeadManagement (9.0.4.0066)" id="{cc760212-3eab-4009-b5c3-ea9cf6f3e141}" />
        <Dependent type="80" schemaName="Customerservicehub" displayName="Customer Service Hub" />
      </MissingDependency>
      <MissingDependency>
        <Required type="60" displayName="Phone Call for Interactive experience" parentDisplayName="Phone Call" solution="msdynce_Activities (9.0.1.2033)" id="{cdc622ea-2a17-4cc3-9605-44564d56cea7}" />
        <Dependent type="80" schemaName="Customerservicehub" displayName="Customer Service Hub" />
      </MissingDependency>
      <MissingDependency>
        <Required type="60" displayName="Tier 1 Dashboard" solution="msdynce_Service (9.0.5.56)" id="{d201a642-6283-4f1d-81b7-da4b1685e698}" />
        <Dependent type="80" schemaName="Customerservicehub" displayName="Customer Service Hub" />
      </MissingDependency>
      <MissingDependency>
        <Required type="60" displayName="Task for Interactive experience" parentDisplayName="Task" solution="msdynce_Activities (9.0.1.2033)" id="{d5b4a1b2-de4f-4f86-8768-b0730001e7d1}" />
        <Dependent type="80" schemaName="Customerservicehub" displayName="Customer Service Hub" />
      </MissingDependency>
      <MissingDependency>
        <Required type="60" displayName="IoT Device MFD" parentDisplayName="IoT Device" solution="msdyn_ConnectedCustomerService (9.0.20115.1027)" id="{dde8984c-b2fe-40ee-a248-c74d6ecc736d}" />
        <Dependent type="80" schemaName="Customerservicehub" displayName="Customer Service Hub" />
      </MissingDependency>
      <MissingDependency>
        <Required type="60" displayName="First Response SLA" parentDisplayName="SLA KPI Instance" solution="msdynce_ServiceLevelAgreement (9.0.23081.1009)" id="{ede9dac3-e143-4be4-acc8-237309e31210}" />
        <Dependent type="60" displayName="Case for Interactive experience" parentDisplayName="Case" id="{915f6055-2e07-4276-ae08-2b96c8d02c57}" />
      </MissingDependency>
      <MissingDependency>
        <Required type="60" displayName="Recent Cases and Entitlements" parentDisplayName="Contact" solution="msdynce_AppCommon (9.0.4.0066)" id="{f3b707fb-3b5f-45f9-9c6b-5e573bb5d19e}" />
        <Dependent type="60" displayName="Case for Interactive experience" parentDisplayName="Case" id="{915f6055-2e07-4276-ae08-2b96c8d02c57}" />
      </MissingDependency>
      <MissingDependency>
        <Required type="60" displayName="Knowledge Article for Interactive experience" parentDisplayName="Knowledge Article" solution="msdynce_KnowledgeManagement (9.0.1.33)" id="{f7502aaf-4874-49fc-868d-cc201c6c4453}">
          <package>msdynce_KnowledgeManagementAnchor (9.0.23081.5019)</package>
        </Required>
        <Dependent type="80" schemaName="Customerservicehub" displayName="Customer Service Hub" />
      </MissingDependency>
      <MissingDependency>
        <Required type="61" schemaName="msdyn_/ConnectedCustomerService/Case/CaseForm.js" displayName="msdyn_/ConnectedCustomerService/Case/CaseForm.js" solution="msdyn_ConnectedCustomerService (9.0.20115.1027)" />
        <Dependent type="60" displayName="Case for Interactive experience" parentDisplayName="Case" id="{915f6055-2e07-4276-ae08-2b96c8d02c57}" />
      </MissingDependency>
      <MissingDependency>
        <Required type="61" schemaName="msdyn_/ConnectedCustomerService/Utils/RibbonUtils.js" displayName="msdyn_/ConnectedCustomerService/Utils/RibbonUtils.js" solution="msdyn_ConnectedCustomerService (9.0.20115.1027)" />
        <Dependent type="60" displayName="Case for Interactive experience" parentDisplayName="Case" id="{915f6055-2e07-4276-ae08-2b96c8d02c57}" />
      </MissingDependency>
      <MissingDependency>
        <Required type="61" schemaName="msdyn_/FollowAttachments/Scripts/Email_Engagement_Attachments.js" displayName="msdyn_/FollowAttachments/Scripts/Email_Engagement_Attachments.js" solution="EmailEngagement (9.0.1.7018)">
          <package>msdynce_SalesInsightsAnchor (9.0.23083.10008)</package>
        </Required>
        <Dependent type="60" displayName="Email" parentDisplayName="Email" id="{0d1e47ff-12b2-4f53-9090-bee951b98cb4}" />
      </MissingDependency>
      <MissingDependency>
        <Required type="61" schemaName="msdyn_CopilotCaseSummaryLibrary.js" displayName="msdyn_CopilotCaseSummaryLibrary.js" solution="msdyn_CSIntelligence (9.0.23081.1009)" />
        <Dependent type="60" displayName="Case for Interactive experience" parentDisplayName="Case" id="{915f6055-2e07-4276-ae08-2b96c8d02c57}" />
      </MissingDependency>
      <MissingDependency>
        <Required type="61" schemaName="msdyn_CopilotEmailAssist.js" displayName="msdyn_CopilotEmailAssist.js" solution="msdyn_CSIntelligence (9.0.23081.1009)" />
        <Dependent type="60" displayName="Email" parentDisplayName="Email" id="{0d1e47ff-12b2-4f53-9090-bee951b98cb4}" />
      </MissingDependency>
      <MissingDependency>
        <Required type="61" schemaName="msdyn_SalesCopilot/Copilot.Library.js" displayName="msdyn_SalesCopilot/Copilot.Library.js" solution="msdyn_SalesCopilot (9.1.23074.10003)" />
        <Dependent type="60" displayName="Email" parentDisplayName="Email" id="{0d1e47ff-12b2-4f53-9090-bee951b98cb4}" />
      </MissingDependency>
      <MissingDependency>
        <Required type="61" schemaName="msdynce_CustomerServiceHub/_imgs/AppIcon/CustomerServiceHubIcon.svg" displayName="msdynce_CustomerServiceHub/_imgs/AppIcon/CustomerServiceHubIcon.svg" solution="msdynce_Customerservicehub (9.0.5.0056)" />
        <Dependent type="80" schemaName="Customerservicehub" displayName="Customer Service Hub" />
      </MissingDependency>
      <MissingDependency>
        <Required type="61" schemaName="Swarming/msdyn_Swarming.js" displayName="Swarming/msdyn_Swarming.js" solution="msdyn_Swarming (9.0.23081.1010)" />
        <Dependent type="60" displayName="Case for Interactive experience" parentDisplayName="Case" id="{915f6055-2e07-4276-ae08-2b96c8d02c57}" />
      </MissingDependency>
      <MissingDependency>
        <Required type="61" schemaName="SwarmingForCS/msdyn_SwarmingForCS.js" displayName="SwarmingForCS/msdyn_SwarmingForCS.js" solution="msdyn_SwarmingForCS (9.0.23081.1010)" />
        <Dependent type="60" displayName="Case for Interactive experience" parentDisplayName="Case" id="{915f6055-2e07-4276-ae08-2b96c8d02c57}" />
      </MissingDependency>
      <MissingDependency>
        <Required type="62" schemaName="Customerservicehub" solution="msdynce_Customerservicehub (9.0.5.0056)" />
        <Dependent type="80" schemaName="Customerservicehub" displayName="Customer Service Hub" />
      </MissingDependency>
      <MissingDependency>
        <Required type="66" schemaName="MscrmControls.Containers.SimilarCasesGridControl" displayName="MscrmControls.Containers.SimilarCasesGridControl" solution="msdynce_Service (9.0.5.56)" />
        <Dependent type="60" displayName="Case for Interactive experience" parentDisplayName="Case" id="{915f6055-2e07-4276-ae08-2b96c8d02c57}" />
      </MissingDependency>
      <MissingDependency>
        <Required type="66" schemaName="MscrmControls.CSIntelligence.CopilotCaseSummaryControl" displayName="MscrmControls.CSIntelligence.CopilotCaseSummaryControl" solution="msdyn_CSIntelligence (9.0.23081.1009)" />
        <Dependent type="60" displayName="Case for Interactive experience" parentDisplayName="Case" id="{915f6055-2e07-4276-ae08-2b96c8d02c57}" />
      </MissingDependency>
      <MissingDependency>
        <Required type="66" schemaName="MscrmControls.CustomerService.SelectionTreeViewControl" displayName="MscrmControls.CustomerService.SelectionTreeViewControl" solution="msdynce_ServiceManagementControlsExtension (9.1.23073.43)" />
        <Dependent type="60" displayName="Case for Interactive experience" parentDisplayName="Case" id="{915f6055-2e07-4276-ae08-2b96c8d02c57}" />
      </MissingDependency>
      <MissingDependency>
        <Required type="66" schemaName="MscrmControls.DeviceInsights.DeviceInsightsControl" displayName="MscrmControls.DeviceInsights.DeviceInsightsControl" solution="IoTConnector (1.8.9.7)" />
        <Dependent type="60" displayName="Case for Interactive experience" parentDisplayName="Case" id="{915f6055-2e07-4276-ae08-2b96c8d02c57}" />
      </MissingDependency>
      <MissingDependency>
        <Required type="66" schemaName="MscrmControls.RichTextEditor.RichTextEditorControl" displayName="MscrmControls.RichTextEditor.RichTextEditorControl" solution="msdyn_RichTextEditor (1.0.0.2699)" />
        <Dependent type="60" displayName="Email" parentDisplayName="Email" id="{0d1e47ff-12b2-4f53-9090-bee951b98cb4}" />
      </MissingDependency>
      <MissingDependency>
        <Required type="80" schemaName="Customerservicehub" displayName="Customer Service Hub" solution="msdynce_Customerservicehub (9.0.5.0056)" />
        <Dependent type="80" schemaName="Customerservicehub" displayName="Customer Service Hub" />
      </MissingDependency>
      <MissingDependency>
        <Required type="SettingDefinition" displayName="msdynce_enableenhanceemailtemplateeditor" solution="msdynce_EmailTemplateConfigSolution (9.0.23081.1010)" id.uniquename="msdynce_enableenhanceemailtemplateeditor" />
        <Dependent type="AppSetting" displayName="parentappmoduleid.uniquename=Customerservicehub,settingdefinitionid.uniquename=msdynce_enableenhanceemailtemplateeditor" id.parentappmoduleid.uniquename="Customerservicehub" id.settingdefinitionid.uniquename="msdynce_enableenhanceemailtemplateeditor" />
      </MissingDependency>
    </MissingDependencies>
  </SolutionManifest>
</ImportExportXml>